City_ID,City,Country,Date,Lat,Lng,Max Temp,Humidity,Cloudiness,Wind Speed
0,Kapaa,US,2022-03-08 20:34:18,22.0752,-159.319,76.12,76,40,12.66
1,Palmer,US,2022-03-08 20:34:19,42.1584,-72.3287,44.15,30,20,13.8
2,Rabak,SD,2022-03-08 20:34:19,13.1809,32.74,89.46,12,69,10.6
3,Yellowknife,CA,2022-03-08 20:33:30,62.456,-114.3525,3.42,72,20,17.0
4,Sept-Iles,CA,2022-03-08 20:34:15,50.2001,-66.3821,28.92,63,75,20.71
5,Beyneu,KZ,2022-03-08 20:34:20,45.3167,55.2,35.13,69,35,14.7
6,Chokurdakh,RU,2022-03-08 20:33:13,70.6333,147.9167,-29.33,100,100,0.85
7,Parthenay,FR,2022-03-08 20:34:21,46.6667,-0.4167,45.95,97,97,8.68
8,Hilo,US,2022-03-08 20:32:24,19.7297,-155.09,80.33,63,0,9.22
9,Dikson,RU,2022-03-08 20:34:22,73.5069,80.5464,-28.1,100,82,7.2
10,Chuy,UY,2022-03-08 20:34:23,-33.6971,-53.4616,72.64,54,0,8.32
11,Hermanus,ZA,2022-03-08 20:34:23,-34.4187,19.2345,70.81,88,8,15.43
12,La Tuque,CA,2022-03-08 20:34:24,47.4334,-72.7824,19.65,58,100,9.22
13,Gravdal,NO,2022-03-08 20:34:25,68.1214,13.5031,35.49,93,75,2.3
14,Yulara,AU,2022-03-08 20:34:25,-25.2406,130.9889,60.64,44,0,5.75
15,Mataura,NZ,2022-03-08 20:33:22,-46.1927,168.8643,54.48,87,97,1.97
16,Punta Arenas,CL,2022-03-08 20:33:24,-53.15,-70.9167,46.51,81,100,16.11
17,Saint Anthony,US,2022-03-08 20:34:26,45.0205,-93.218,38.1,68,100,16.11
18,Sur,OM,2022-03-08 20:34:27,22.5667,59.5289,74.7,59,0,13.65
19,Vaini,TO,2022-03-08 20:33:23,-21.2,-175.2,80.76,89,75,6.91
20,Princeton,US,2022-03-08 20:30:08,25.5384,-80.4089,84.99,69,100,13.8
21,Srednekolymsk,RU,2022-03-08 20:34:28,67.45,153.6833,-4.43,94,100,5.23
22,Paamiut,GL,2022-03-08 20:34:29,61.994,-49.6678,15.3,84,97,5.84
23,Georgetown,MY,2022-03-08 20:31:51,5.4112,100.3354,76.95,99,40,0.0
24,Carnarvon,AU,2022-03-08 20:34:30,-24.8667,113.6333,75.27,60,0,8.05
25,Ribeira Grande,PT,2022-03-08 20:34:30,38.5167,-28.7,63.0,82,75,19.57
26,Yantzaza,EC,2022-03-08 20:34:30,-3.8278,-78.7594,80.47,68,100,3.74
27,Avarua,CK,2022-03-08 20:34:31,-21.2078,-159.775,82.45,83,75,11.5
28,Jamestown,US,2022-03-08 20:30:53,42.097,-79.2353,37.02,39,0,5.75
29,Nikolskoye,RU,2022-03-08 20:34:32,59.7035,30.7861,13.89,98,34,3.09
30,Barrow,US,2022-03-08 20:34:33,71.2906,-156.7887,1.42,78,100,23.02
31,Culiacan,MX,2022-03-08 20:33:56,24.7994,-107.3897,76.68,29,75,4.61
32,Castro,BR,2022-03-08 20:34:34,-24.7911,-50.0119,69.17,93,86,1.34
33,Cape Town,ZA,2022-03-08 20:34:34,-33.9258,18.4232,70.21,70,0,10.36
34,Okha,RU,2022-03-08 20:34:35,53.5739,142.9478,-2.11,100,97,9.01
35,Olafsvik,IS,2022-03-08 20:34:35,64.8945,-23.7142,40.23,80,100,22.68
36,Longyearbyen,SJ,2022-03-08 20:34:36,78.2186,15.6401,24.64,80,75,9.22
37,Ikom,NG,2022-03-08 20:34:36,5.9667,8.7063,77.18,88,100,5.06
38,Provideniya,RU,2022-03-08 20:34:37,64.3833,-173.3,18.21,72,1,7.16
39,Willowmore,ZA,2022-03-08 20:34:38,-33.2926,23.4895,63.66,90,15,13.6
40,Salalah,OM,2022-03-08 20:33:32,17.0151,54.0924,75.29,69,0,3.44
41,Rikitea,PF,2022-03-08 20:33:14,-23.1203,-134.9692,78.82,72,96,7.29
42,Mar Del Plata,AR,2022-03-08 20:33:01,-38.0023,-57.5575,71.62,83,0,18.01
43,Labuhan,ID,2022-03-08 20:34:39,-6.8844,112.2051,81.09,89,99,6.8
44,Komsomolskiy,UZ,2022-03-08 20:34:39,40.4272,71.7189,47.62,81,100,4.61
45,Shimoda,JP,2022-03-08 20:34:40,34.6667,138.95,42.1,80,85,12.75
46,Koson,UZ,2022-03-08 20:34:40,39.0375,65.585,50.32,79,100,3.36
47,Tasiilaq,GL,2022-03-08 20:35:41,65.6145,-37.6368,17.76,58,100,7.72
48,Waitara,NZ,2022-03-08 20:35:41,-38.925,174.25,68.0,77,26,3.44
49,Banda Aceh,ID,2022-03-08 20:35:42,5.5577,95.3222,75.99,86,100,7.52
50,Batemans Bay,AU,2022-03-08 20:35:42,-35.7167,150.1833,64.2,75,100,20.89
51,Mao,ES,2022-03-08 20:35:43,39.8885,4.2658,48.76,71,0,4.61
52,Cidreira,BR,2022-03-08 20:35:43,-30.1811,-50.2056,75.25,74,81,11.7
53,Lebu,CL,2022-03-08 20:33:22,-37.6167,-73.65,60.03,95,98,8.84
54,Bolobo,CD,2022-03-08 20:35:44,-2.1667,16.2333,78.6,72,78,3.04
55,Hithadhoo,MV,2022-03-08 20:35:45,-0.6,73.0833,82.81,68,100,9.53
56,Qaanaaq,GL,2022-03-08 20:35:45,77.484,-69.3632,-2.43,70,68,8.12
57,Hami,CN,2022-03-08 20:35:46,42.8,93.45,43.86,42,17,8.55
58,Lata,PT,2022-03-08 20:35:46,40.1629,-8.3327,54.81,96,79,4.03
59,Broome,US,2022-03-08 20:35:47,42.2506,-75.833,39.67,56,100,8.05
60,Karrapur,IN,2022-03-08 20:35:47,23.95,78.85,70.25,28,0,1.68
61,Paka,MY,2022-03-08 20:35:48,4.6374,103.4368,78.73,94,82,3.44
62,Noumea,NC,2022-03-08 20:35:46,-22.2763,166.4572,80.01,99,7,2.42
63,Tabou,CI,2022-03-08 20:35:48,4.423,-7.3528,79.75,87,100,3.91
64,Mahebourg,MU,2022-03-08 20:35:49,-20.4081,57.7,77.29,88,40,2.3
65,Cheney,US,2022-03-08 20:35:20,47.4874,-117.5758,45.0,37,40,12.66
66,Bengkulu,ID,2022-03-08 20:33:15,-3.8004,102.2655,75.79,85,60,3.83
67,Souillac,MU,2022-03-08 20:35:50,-20.5167,57.5167,77.38,88,40,2.3
68,Ranghulu,CN,2022-03-08 20:35:50,46.65,124.8667,21.15,99,99,5.28
69,Pevek,RU,2022-03-08 20:35:51,69.7008,170.3133,-10.84,100,70,1.66
70,Kruisfontein,ZA,2022-03-08 20:34:57,-34.0033,24.7314,67.89,83,67,11.01
71,Airai,TL,2022-03-08 20:35:52,-8.9266,125.4092,59.61,94,100,2.42
72,Busselton,AU,2022-03-08 20:33:23,-33.65,115.3333,66.04,66,53,11.18
73,Mahibadhoo,MV,2022-03-08 20:35:53,3.7833,72.9667,81.55,72,62,7.61
74,Buala,SB,2022-03-08 20:35:53,-8.145,159.5921,81.81,80,100,6.22
75,Nguruka,TZ,2022-03-08 20:35:54,-5.1092,31.0419,66.22,93,100,0.43
76,Bluff,NZ,2022-03-08 20:35:54,-46.6,168.3333,54.81,93,100,11.45
77,Le Port,RE,2022-03-08 20:35:55,-20.9373,55.2919,78.8,90,89,4.12
78,Maumere,ID,2022-03-08 20:35:55,-8.6199,122.2111,78.67,82,100,3.29
79,Ulkan,RU,2022-03-08 20:35:56,57.243,107.3223,23.47,98,100,3.09
80,Ushuaia,AR,2022-03-08 20:32:51,-54.8,-68.3,53.26,76,75,13.8
81,Upernavik,GL,2022-03-08 20:34:29,72.7868,-56.1549,-4.88,92,85,5.48
82,Mount Gambier,AU,2022-03-08 20:35:57,-37.8333,140.7667,57.11,77,100,17.27
83,Hofn,IS,2022-03-08 20:35:57,64.2539,-15.2082,41.74,82,100,21.32
84,Tuktoyaktuk,CA,2022-03-08 20:35:57,69.4541,-133.0374,-4.0,84,75,3.44
85,Albany,US,2022-03-08 20:33:56,42.6001,-73.9662,41.31,39,58,10.0
86,Nova Londrina,BR,2022-03-08 20:35:58,-22.7658,-52.985,89.92,47,25,7.14
87,Saskylakh,RU,2022-03-08 20:35:56,71.9167,114.0833,-28.66,100,79,5.32
88,East London,ZA,2022-03-08 20:35:10,-33.0153,27.9116,72.27,72,99,4.74
89,Pokhara,NP,2022-03-08 20:35:59,28.2333,83.9833,63.25,21,33,6.82
90,Itupiranga,BR,2022-03-08 20:35:59,-5.1347,-49.3267,86.32,87,99,2.46
91,Shingu,JP,2022-03-08 20:36:00,33.7333,135.9833,36.91,54,15,5.41
92,Ndende,GA,2022-03-08 20:36:00,-2.4008,11.3581,76.5,95,100,2.06
93,Aklavik,CA,2022-03-08 20:36:01,68.2191,-135.0107,4.03,85,20,9.22
94,Kavaratti,IN,2022-03-08 20:36:02,10.5669,72.642,81.68,69,3,5.23
95,Coihaique,CL,2022-03-08 20:36:02,-45.5752,-72.0662,48.81,81,100,5.75
96,Sao Joao Da Barra,BR,2022-03-08 20:37:03,-21.6403,-41.0511,84.29,81,9,12.3
97,Muros,ES,2022-03-08 20:37:03,42.7762,-9.0603,53.1,81,100,11.27
98,Saint George,US,2022-03-08 20:36:39,37.1041,-113.5841,56.62,22,0,3.44
99,Obidos,BR,2022-03-08 20:37:04,-1.9175,-55.5181,81.66,81,59,3.29
100,Urdoma,RU,2022-03-08 20:37:05,61.7533,48.5442,-14.21,100,46,0.83
101,Port Alfred,ZA,2022-03-08 20:37:05,-33.5906,26.891,72.12,73,79,10.09
102,Atuona,PF,2022-03-08 20:37:06,-9.8,-139.0333,78.33,78,7,14.18
103,Port Blair,IN,2022-03-08 20:36:27,11.6667,92.75,77.04,88,40,2.3
104,Matara,LK,2022-03-08 20:37:07,5.9485,80.5353,75.47,92,58,7.52
105,Puerto Ayora,EC,2022-03-08 20:37:08,-0.7393,-90.3518,85.96,74,72,1.14
106,Arraial Do Cabo,BR,2022-03-08 20:33:33,-22.9661,-42.0278,82.36,65,0,23.02
107,Torbay,CA,2022-03-08 20:35:33,47.6666,-52.7314,38.57,91,100,37.98
108,Zhumadian,CN,2022-03-08 20:37:09,32.9794,114.0294,50.34,69,0,5.68
109,Beloha,MG,2022-03-08 20:37:10,-25.1667,45.05,73.99,92,0,8.37
110,Ilulissat,GL,2022-03-08 20:34:36,69.2167,-51.1,8.62,47,20,8.05
111,Kaniama,CD,2022-03-08 20:37:10,-7.5667,24.1833,67.37,94,100,3.24
112,Compiegne,FR,2022-03-08 20:37:11,49.4179,2.8261,49.08,73,0,6.42
113,Talnakh,RU,2022-03-08 20:37:12,69.4865,88.3972,-28.95,94,100,4.03
114,Bocas Del Toro,PA,2022-03-08 20:37:12,9.3333,-82.25,91.08,70,4,7.65
115,Port Elizabeth,ZA,2022-03-08 20:33:29,-33.918,25.5701,70.11,83,75,5.75
116,Imbituba,BR,2022-03-08 20:36:59,-28.24,-48.6703,80.49,90,77,7.52
117,Gaoual,GN,2022-03-08 20:37:13,11.75,-13.2,87.48,16,32,4.41
118,Caramay,PH,2022-03-08 20:37:14,10.1815,119.236,76.69,91,100,6.8
119,Leningradskiy,RU,2022-03-08 20:35:35,69.3833,178.4167,-0.71,94,31,2.55
120,Montepuez,MZ,2022-03-08 20:37:14,-13.1256,38.9997,69.46,98,100,3.11
121,Hobart,AU,2022-03-08 20:37:15,-42.8794,147.3294,44.46,87,20,6.91
122,Homer,US,2022-03-08 20:37:16,59.6425,-151.5483,42.76,57,0,4.61
123,Kavieng,PG,2022-03-08 20:37:17,-2.5744,150.7967,81.77,79,86,14.83
124,Samarskoye,RU,2022-03-08 20:37:17,46.9336,39.6814,36.84,85,59,8.61
125,Krasnoselkup,RU,2022-03-08 20:37:18,65.7,82.4667,-26.18,97,88,11.39
126,Hasaki,JP,2022-03-08 20:37:11,35.7333,140.8333,34.29,62,32,15.93
127,Nelson Bay,AU,2022-03-08 20:37:19,-32.7167,152.15,69.96,96,100,1.99
128,Portland,US,2022-03-08 20:35:59,45.5234,-122.6762,51.42,87,100,5.99
129,New Norfolk,AU,2022-03-08 20:37:20,-42.7826,147.0587,44.1,74,0,1.5
130,Tiksi,RU,2022-03-08 20:33:24,71.6872,128.8694,-26.93,100,52,1.54
131,Hanzhong,CN,2022-03-08 20:37:20,33.0728,107.0303,56.17,64,5,0.6
132,Gorontalo,ID,2022-03-08 20:37:21,0.5412,123.0595,74.77,95,95,2.08
133,Launceston,AU,2022-03-08 20:37:22,-41.45,147.1667,47.16,83,19,10.36
134,Inhambane,MZ,2022-03-08 20:37:22,-23.865,35.3833,74.79,78,14,6.82
135,Erzurum,TR,2022-03-08 20:37:23,40.0,41.5,29.88,95,100,4.12
136,Ploemeur,FR,2022-03-08 20:37:23,47.7333,-3.4333,47.86,93,20,6.91
137,Zhanaozen,KZ,2022-03-08 20:37:24,43.3,52.8,40.55,51,37,8.81
138,Suihua,CN,2022-03-08 20:37:24,46.6406,126.9969,19.08,99,98,2.21
139,Saint-Philippe,RE,2022-03-08 20:37:25,-21.3585,55.7679,78.39,84,58,10.42
140,Shemursha,RU,2022-03-08 20:37:25,54.8866,47.5189,9.84,95,100,7.9
141,Cabo San Lucas,MX,2022-03-08 20:38:26,22.8909,-109.9124,80.62,47,0,10.36
142,Kuytun,RU,2022-03-08 20:38:26,54.3419,101.5036,25.74,87,99,20.4
143,Kalmunai,LK,2022-03-08 20:38:27,7.4167,81.8167,76.41,79,18,6.69
144,Freeport,US,2022-03-08 20:38:28,40.6576,-73.5832,48.78,37,0,16.11
145,Penzance,GB,2022-03-08 20:38:28,50.1186,-5.5371,48.88,80,66,14.97
146,Nemuro,JP,2022-03-08 20:34:35,43.3236,145.575,27.28,80,11,11.25
147,Half Moon Bay,US,2022-03-08 20:38:29,37.4636,-122.4286,74.05,30,0,10.36
148,La Romana,DO,2022-03-08 20:38:29,18.4273,-68.9728,84.56,61,40,9.22
149,Birjand,IR,2022-03-08 20:38:30,32.8663,59.2211,54.07,43,40,6.91
150,Inirida,CO,2022-03-08 20:38:30,3.8653,-67.9239,86.27,65,97,1.39
151,Lubumbashi,CD,2022-03-08 20:38:31,-11.6609,27.4794,65.03,97,100,4.97
152,Rovaniemi,FI,2022-03-08 20:38:31,66.5,25.7167,20.61,93,100,4.61
153,Ferrol,ES,2022-03-08 20:38:32,43.4832,-8.2369,50.58,81,75,10.11
154,Tecpan,GT,2022-03-08 20:36:53,14.7623,-90.9947,70.56,58,68,7.0
155,Jieshi,CN,2022-03-08 20:38:33,22.8134,115.8257,58.95,74,5,14.79
156,Sumenep,ID,2022-03-08 20:38:33,-7.0167,113.8667,78.04,85,100,2.01
157,Luderitz,NA,2022-03-08 20:38:34,-26.6481,15.1594,68.11,79,0,13.18
158,Xinzhi,CN,2022-03-08 20:38:35,36.4989,111.7047,52.09,40,17,2.71
159,Vestmannaeyjar,IS,2022-03-08 20:35:53,63.4427,-20.2734,41.95,79,75,32.97
160,Saint-Joseph,RE,2022-03-08 20:38:35,-21.3667,55.6167,77.38,84,47,8.88
161,Gusau,NG,2022-03-08 20:38:36,12.1628,6.6614,86.7,12,5,7.76
162,Iskateley,RU,2022-03-08 20:38:37,67.6803,53.1512,-2.31,98,100,8.99
163,Bethel,US,2022-03-08 20:34:11,41.3712,-73.414,45.54,42,47,1.01
164,Lucea,JM,2022-03-08 20:38:37,18.451,-78.1736,82.26,74,28,10.4
165,Butaritari,KI,2022-03-08 20:38:38,3.0707,172.7902,81.41,76,99,14.94
166,Santo Antonio Do Amparo,BR,2022-03-08 20:38:39,-20.9464,-44.9189,73.02,73,84,2.35
167,Axim,GH,2022-03-08 20:38:39,4.8699,-2.2405,80.35,86,42,6.82
168,Severo-Kurilsk,RU,2022-03-08 20:35:45,50.6789,156.125,30.99,89,63,8.03
169,Bredasdorp,ZA,2022-03-08 20:38:40,-34.5322,20.0403,70.29,83,45,12.66
170,Narsaq,GL,2022-03-08 20:36:07,60.9167,-46.05,10.62,74,2,6.38
171,Ponta Do Sol,PT,2022-03-08 20:38:41,32.6667,-17.1,60.71,73,100,1.7
172,Ust-Tsilma,RU,2022-03-08 20:38:41,65.441,52.1498,-11.72,100,85,3.31
173,Yumen,CN,2022-03-08 20:38:42,40.2833,97.2,43.07,25,16,7.63
174,Samarai,PG,2022-03-08 20:38:42,-10.6167,150.6667,83.35,78,19,10.83
175,Bonavista,CA,2022-03-08 20:38:43,48.6499,-53.1147,38.12,81,96,35.88
176,Merauke,ID,2022-03-08 20:38:43,-8.4667,140.3333,75.78,95,100,11.83
177,Fortuna,US,2022-03-08 20:38:44,40.5982,-124.1573,67.19,67,0,16.11
178,Kloulklubed,PW,2022-03-08 20:38:46,7.0419,134.2556,75.7,79,60,7.25
179,Waitati,NZ,2022-03-08 20:38:46,-45.75,170.5667,58.8,78,92,4.47
180,Lanchyn,UA,2022-03-08 20:38:47,48.5578,24.7562,26.08,91,100,7.0
181,Scarisoara,RO,2022-03-08 20:38:48,44.0,24.5667,34.18,80,19,3.65
182,Mandla,IN,2022-03-08 20:38:48,22.6,80.3833,68.36,29,12,2.91
183,Luwuk,ID,2022-03-08 20:38:48,-0.9516,122.7875,77.23,88,80,0.96
184,Iqaluit,CA,2022-03-08 20:38:49,63.7506,-68.5145,-4.27,59,40,13.8
185,Cherskiy,RU,2022-03-08 20:37:19,68.75,161.3,-3.24,93,100,1.21
186,West Bay,KY,2022-03-08 20:39:50,19.3667,-81.4167,87.87,70,20,9.22
187,Port-Cartier,CA,2022-03-08 20:39:50,50.0334,-66.8654,28.62,71,20,21.36
188,Poronaysk,RU,2022-03-08 20:39:51,49.2167,143.1167,3.69,98,23,1.97
189,Celestun,MX,2022-03-08 20:39:51,20.8667,-90.4,83.26,65,70,10.38
190,Vardo,NO,2022-03-08 20:35:08,70.3705,31.1107,31.75,93,0,17.27
191,Puerto Escondido,MX,2022-03-08 20:39:52,15.85,-97.0667,85.03,65,40,11.5
192,Morondava,MG,2022-03-08 20:39:53,-20.2833,44.2833,82.44,72,97,13.96
193,Jega,NG,2022-03-08 20:39:53,12.2175,4.3792,85.23,11,5,9.91
194,Vila Velha,BR,2022-03-08 20:39:54,-20.3297,-40.2925,84.15,65,20,10.36
195,Zhezkazgan,KZ,2022-03-08 20:39:54,47.8043,67.7144,10.29,86,83,8.77
196,Manitouwadge,CA,2022-03-08 20:39:55,49.1215,-85.8403,29.12,91,100,15.73
197,Boyuibe,BO,2022-03-08 20:39:55,-20.4167,-63.2833,87.71,84,100,2.35
198,Ostrovnoy,RU,2022-03-08 20:39:56,68.0531,39.5131,20.82,92,100,11.74
199,Macheng,CN,2022-03-08 20:39:56,31.1783,115.0319,52.81,66,0,3.13
200,Te Anau,NZ,2022-03-08 20:39:57,-45.4167,167.7167,61.29,76,34,1.3
201,Lluta,PE,2022-03-08 20:39:57,-16.0147,-72.0142,46.67,95,100,7.14
202,Libenge,CD,2022-03-08 20:39:58,3.65,18.6333,82.18,46,92,2.59
203,Bubaque,GW,2022-03-08 20:39:58,11.2833,-15.8333,76.48,70,80,12.53
204,Jiwani,PK,2022-03-08 20:39:59,25.05,61.7417,73.83,82,98,7.56
205,Pochutla,MX,2022-03-08 20:39:59,15.7432,-96.4661,88.83,40,39,8.9
206,Payson,US,2022-03-08 20:38:31,40.0444,-111.7321,39.25,53,100,3.0
207,West Wendover,US,2022-03-08 20:40:00,40.7391,-114.0733,45.61,34,100,12.66
208,Cockburn Town,TC,2022-03-08 20:37:40,21.4612,-71.1419,80.56,65,40,13.8
209,Leshan,CN,2022-03-08 20:40:00,29.5623,103.7639,60.85,69,0,1.77
210,Manokwari,ID,2022-03-08 20:35:44,-0.8667,134.0833,76.19,84,100,3.62
211,Saint-Pierre,RE,2022-03-08 20:40:02,-21.3393,55.4781,78.48,82,0,4.61
212,Mehamn,NO,2022-03-08 20:40:03,71.0357,27.8492,35.78,75,40,19.57
213,Khandyga,RU,2022-03-08 20:40:04,62.6667,135.6,-26.95,100,56,1.48
214,Kodiak,US,2022-03-08 20:40:05,57.79,-152.4072,40.51,93,100,10.36
215,Vallenar,CL,2022-03-08 20:36:24,-28.5708,-70.7581,80.6,41,0,8.88
216,Codrington,AU,2022-03-08 20:40:06,-38.2667,141.9667,59.76,82,89,14.43
217,Belle Glade,US,2022-03-08 20:40:07,26.6845,-80.6676,87.03,50,33,12.66
218,Acapulco,MX,2022-03-08 20:35:47,16.8634,-99.8901,84.02,65,0,9.22
219,Victoria,HK,2022-03-08 20:37:51,22.2855,114.1577,61.32,71,2,13.0
220,Bambous Virieux,MU,2022-03-08 20:40:08,-20.3428,57.7575,77.25,88,40,2.3
221,Camacha,PT,2022-03-08 20:40:08,33.0833,-16.3333,56.62,63,20,4.61
222,Saldanha,ZA,2022-03-08 20:37:26,-33.0117,17.9442,71.65,87,0,8.12
223,Ahipara,NZ,2022-03-08 20:40:09,-35.1667,173.1667,71.56,61,29,8.86
224,Tomari,RU,2022-03-08 20:40:10,47.7658,142.0683,22.82,84,21,10.76
225,Berlevag,NO,2022-03-08 20:40:10,70.8578,29.0864,35.6,80,75,18.41
226,San Francisco,US,2022-03-08 20:36:09,37.7749,-122.4194,75.11,32,20,8.01
227,Caravelas,BR,2022-03-08 20:40:11,-17.7125,-39.2481,78.15,75,0,5.79
228,Teahupoo,PF,2022-03-08 20:40:12,-17.8333,-149.2667,78.53,75,64,12.66
229,Tilichiki,RU,2022-03-08 20:40:12,60.4667,166.1,17.91,90,100,5.46
230,Comodoro Rivadavia,AR,2022-03-08 20:40:48,-45.8667,-67.5,60.66,59,75,24.16
231,Mizque,BO,2022-03-08 20:41:13,-17.941,-65.3402,69.12,68,100,8.34
232,Nome,US,2022-03-08 20:41:14,64.5011,-165.4064,26.67,80,75,5.75
233,Mikhaylovka,RU,2022-03-08 20:41:15,50.06,43.2379,27.79,97,100,7.72
234,Grand Island,US,2022-03-08 20:41:15,40.925,-98.342,48.24,28,0,11.5
235,Bratsk,RU,2022-03-08 20:41:16,56.1325,101.6142,28.89,78,100,21.12
236,Lindenberg,DE,2022-03-08 20:41:16,49.3803,8.0986,38.12,59,0,3.85
237,Beckley,US,2022-03-08 20:41:17,37.7782,-81.1882,54.7,61,0,3.44
238,Jizan,SA,2022-03-08 20:41:17,17.3333,42.6667,77.94,63,4,2.93
239,Huarmey,PE,2022-03-08 20:41:18,-10.0681,-78.1522,78.13,69,37,8.9
240,Verkhnevilyuysk,RU,2022-03-08 20:41:18,63.4453,120.3167,-21.51,100,100,2.24
241,Thompson,CA,2022-03-08 20:41:19,55.7435,-97.8558,3.36,60,100,16.11
242,Serenje,ZM,2022-03-08 20:41:19,-13.2325,30.2352,62.98,99,100,5.44
243,Pacific Grove,US,2022-03-08 20:41:05,36.6177,-121.9166,74.61,47,0,5.75
244,Hovd,MN,2022-03-08 20:41:20,48.0056,91.6419,14.58,66,2,9.89
245,Auki,SB,2022-03-08 20:41:21,-8.7676,160.7034,79.34,85,100,5.23
246,Tuatapere,NZ,2022-03-08 20:41:21,-46.1333,167.6833,54.82,91,100,3.87
247,Kawalu,ID,2022-03-08 20:41:21,-7.3817,108.2082,72.37,94,79,1.39
248,Banepa,NP,2022-03-08 20:41:22,27.6298,85.5214,55.72,72,20,3.44
249,Ishinomaki,JP,2022-03-08 20:41:23,38.4167,141.3,30.2,74,97,5.08
250,The Valley,AI,2022-03-08 20:41:23,18.217,-63.0578,80.46,88,75,14.97
251,Rudbar,AF,2022-03-08 20:37:20,30.15,62.6,71.31,36,81,10.13
252,Lavrentiya,RU,2022-03-08 20:41:24,65.5833,-171.0,7.02,84,2,5.44
253,Etchoropo,MX,2022-03-08 20:41:24,26.7667,-109.6667,73.04,26,0,21.56
254,Karratha,AU,2022-03-08 20:41:25,-20.7377,116.8463,85.51,54,0,4.14
255,Lorengau,PG,2022-03-08 20:41:25,-2.0226,147.2712,80.24,77,100,2.28
256,Kamenka,RU,2022-03-08 20:41:26,51.3223,42.7678,18.75,97,99,4.56
257,Sitka,US,2022-03-08 20:40:08,57.0531,-135.33,40.89,45,20,5.75
258,Khatanga,RU,2022-03-08 20:41:26,71.9667,102.5,-6.52,82,100,12.82
259,Issia,CI,2022-03-08 20:41:27,6.4922,-6.5856,79.45,74,77,2.89
260,Esperance,AU,2022-03-08 20:41:28,-33.8667,121.9,58.84,86,99,12.3
261,Nanortalik,GL,2022-03-08 20:37:07,60.1432,-45.2371,16.23,72,5,8.28
262,Hereford,GB,2022-03-08 20:41:29,52.0568,-2.7148,49.01,84,96,1.01
263,Sakakah,SA,2022-03-08 20:41:29,29.9697,40.2064,69.37,28,99,9.62
264,Veraval,IN,2022-03-08 20:37:04,20.9,70.3667,75.16,64,0,11.25
265,Cabedelo,BR,2022-03-08 20:41:30,-6.9811,-34.8339,84.87,70,30,11.05
266,Ichinoseki,JP,2022-03-08 20:41:31,38.9167,141.1333,32.05,79,91,2.15
267,Yar-Sale,RU,2022-03-08 20:41:32,66.8333,70.8333,-19.19,96,49,11.21
268,Ixtapa,MX,2022-03-08 20:41:32,20.7,-105.2,74.43,64,40,16.11
269,Kahului,US,2022-03-08 20:41:33,20.8947,-156.47,80.96,68,20,9.22
270,Sorland,NO,2022-03-08 20:41:33,67.667,12.6934,35.67,88,74,19.53
271,Aquiraz,BR,2022-03-08 20:41:34,-3.9014,-38.3911,84.29,78,59,10.0
272,Paoua,CF,2022-03-08 20:41:35,7.2427,16.4406,83.14,25,100,1.41
273,Chicama,PE,2022-03-08 20:42:35,-7.8447,-79.1469,73.94,54,98,11.05
274,Wenling,CN,2022-03-08 20:42:36,28.3669,121.36,43.92,74,0,3.06
275,Waipawa,NZ,2022-03-08 20:42:36,-41.4122,175.5153,66.94,67,0,2.82
276,Petropavlovsk-Kamchatskiy,RU,2022-03-08 20:42:36,53.0452,158.6483,21.79,100,0,2.24
277,Sal Rei,CV,2022-03-08 20:42:37,16.1833,-22.9167,68.56,74,18,20.65
278,Southbridge,US,2022-03-08 20:42:38,42.0751,-72.0334,43.97,38,18,5.01
279,Ancud,CL,2022-03-08 20:42:38,-41.8697,-73.8203,58.42,62,5,18.9
280,Itarema,BR,2022-03-08 20:42:39,-2.9248,-39.9167,79.86,78,62,11.81
281,Surab,PK,2022-03-08 20:42:39,28.4914,66.2585,52.97,61,90,8.25
282,Muli,MV,2022-03-08 20:42:39,2.9167,73.5667,81.88,71,85,8.79
283,Belmonte,BR,2022-03-08 20:42:40,-15.8631,-38.8828,81.1,75,18,9.62
284,Nizhniy Kuranakh,RU,2022-03-08 20:42:40,58.8353,125.4869,-7.22,100,100,0.76
285,Lewistown,US,2022-03-08 20:42:41,40.5992,-77.5714,45.99,71,0,10.36
286,Loei,TH,2022-03-08 20:42:42,17.4167,101.5,64.11,68,49,1.03
287,Hamilton,US,2022-03-08 20:40:20,39.1834,-84.5333,45.75,58,100,3.44
288,Sao Jose Da Coroa Grande,BR,2022-03-08 20:42:42,-8.8978,-35.1478,80.13,75,54,7.67
289,Ust-Omchug,RU,2022-03-08 20:42:43,61.15,149.6333,3.65,97,100,7.9
290,Rincon,US,2022-03-08 20:42:06,32.296,-81.2354,83.86,59,75,8.05
291,Uvarovo,RU,2022-03-08 20:42:44,51.9849,42.2615,17.28,95,100,5.99
292,Wuchang,CN,2022-03-08 20:39:14,44.9143,127.15,14.9,92,20,3.38
293,Bullhead City,US,2022-03-08 20:41:53,35.1478,-114.5683,66.85,15,11,8.99
294,San Isidro,PE,2022-03-08 20:42:45,-12.1167,-77.05,80.51,87,0,12.66
295,Ulaangom,MN,2022-03-08 20:42:45,49.9811,92.0667,7.54,69,33,5.68
296,Piracaia,BR,2022-03-08 20:40:10,-23.0539,-46.3581,83.86,83,73,1.81
297,Lagoa,PT,2022-03-08 20:42:46,39.05,-27.9833,59.34,81,52,22.88
298,Angul,IN,2022-03-08 20:42:47,20.85,85.1,68.16,28,0,2.1
299,Sambava,MG,2022-03-08 20:42:47,-14.2667,50.1667,75.85,91,100,6.11
300,Clyde River,CA,2022-03-08 20:42:48,70.4692,-68.5914,-7.37,77,100,16.11
301,Nobeoka,JP,2022-03-08 20:42:48,32.5833,131.6667,42.66,66,13,4.88
302,Waghai,IN,2022-03-08 20:42:49,20.7667,73.4833,77.67,47,17,3.44
303,Cartagena,CO,2022-03-08 20:42:50,10.3997,-75.5144,85.62,62,20,9.22
304,Sao Filipe,CV,2022-03-08 20:42:50,14.8961,-24.4956,71.15,70,57,10.0
305,Mitu,CO,2022-03-08 20:42:50,1.1983,-70.1733,86.25,57,75,2.95
306,Constitucion,CL,2022-03-08 20:40:57,-35.3333,-72.4167,64.56,66,0,8.01
307,Vajszlo,HU,2022-03-08 20:42:51,45.8596,17.9841,36.72,57,5,4.74
308,Port Hardy,CA,2022-03-08 20:41:13,50.6996,-127.4199,48.2,81,75,6.91
309,Chipiona,ES,2022-03-08 20:42:52,36.7366,-6.437,57.31,94,0,5.75
310,Lompoc,US,2022-03-08 20:42:53,34.6391,-120.4579,72.79,38,0,16.11
311,Sokoni,TZ,2022-03-08 20:42:53,-6.4333,39.55,82.69,76,96,12.55
312,Werda,BW,2022-03-08 20:42:54,-25.2667,23.2833,64.49,92,100,7.16
313,Cayenne,GF,2022-03-08 20:42:54,4.9333,-52.3333,79.09,89,75,9.22
314,Matucana,PE,2022-03-08 20:42:55,-11.85,-76.4,57.78,97,100,5.21
315,Guerrero Negro,MX,2022-03-08 20:38:32,27.9769,-114.0611,70.63,20,0,12.01
316,Idlib,SY,2022-03-08 20:42:56,35.9306,36.6339,51.19,86,100,1.74
317,Laguna,US,2022-03-08 20:42:56,38.421,-121.4238,71.4,36,0,3.44
318,Leshukonskoye,RU,2022-03-08 20:39:17,64.8989,45.7622,-4.97,99,95,4.32
319,Namatanai,PG,2022-03-08 20:42:57,-3.6667,152.4333,79.99,80,73,6.38
320,Bremerton,US,2022-03-08 20:38:18,47.5673,-122.6326,47.98,88,100,3.44
321,Dingle,PH,2022-03-08 20:42:31,10.9995,122.6711,74.89,93,80,8.88
322,Neiafu,TO,2022-03-08 20:43:58,-18.65,-173.9833,77.68,94,100,5.75
323,Piacabucu,BR,2022-03-08 20:43:59,-10.4056,-36.4344,79.63,76,92,7.16
324,Arlit,NE,2022-03-08 20:43:59,18.7369,7.3853,74.55,5,72,9.66
325,Vao,NC,2022-03-08 20:44:00,-22.6667,167.4833,79.05,71,3,3.2
326,Mansoa,GW,2022-03-08 20:43:05,12.0733,-15.3189,79.97,43,57,6.29
327,Champerico,GT,2022-03-08 20:44:01,14.3,-91.9167,93.74,57,0,13.44
328,Sarh,TD,2022-03-08 20:44:01,9.1429,18.3923,91.31,29,0,0.0
329,Pitimbu,BR,2022-03-08 20:44:02,-7.4706,-34.8086,84.79,69,54,9.62
330,Nechi,CO,2022-03-08 20:44:02,8.0942,-74.7757,88.74,53,62,1.97
331,Opuwo,NA,2022-03-08 20:44:03,-18.0607,13.84,72.72,48,60,5.7
332,Along,IN,2022-03-08 20:44:04,28.1667,94.7667,58.3,57,0,2.17
333,Katsuura,JP,2022-03-08 20:44:04,35.1333,140.3,42.19,74,37,13.22
334,Maues,BR,2022-03-08 20:44:05,-3.3836,-57.7186,80.64,87,61,2.68
335,Betare Oya,CM,2022-03-08 20:44:06,5.6,14.0833,81.75,39,98,1.48
336,Ilo,PE,2022-03-08 20:44:06,-17.6394,-71.3375,70.66,68,100,12.66
337,Znamenskoye,RU,2022-03-08 20:44:06,57.1281,73.8282,-10.75,99,80,4.85
338,Kalinino,RU,2022-03-08 20:44:07,59.6167,42.25,-12.77,100,57,3.18
339,Garowe,SO,2022-03-08 20:44:08,8.4054,48.4845,68.79,76,54,12.17
340,Los Llanos De Aridane,ES,2022-03-08 20:44:08,28.6585,-17.9182,60.55,85,0,8.05
341,Paulista,BR,2022-03-08 20:44:09,-7.9408,-34.8731,84.06,70,81,7.87
342,Guarapuava,BR,2022-03-08 20:44:09,-25.3953,-51.4581,66.43,96,93,2.82
343,Gadwal,IN,2022-03-08 20:44:10,16.2333,77.8,78.69,45,36,5.06
344,Salta,AR,2022-03-08 20:44:10,-24.7859,-65.4117,72.19,80,75,11.5
345,Kirakira,SB,2022-03-08 20:44:11,-10.4544,161.9205,81.97,80,100,3.91
346,Bandarbeyla,SO,2022-03-08 20:44:12,9.4942,50.8122,76.28,67,19,9.95
347,Giresun,TR,2022-03-08 20:44:12,40.5,38.5,16.92,96,100,5.08
348,Itoman,JP,2022-03-08 20:44:13,26.1247,127.6694,59.02,66,0,5.75
349,Guadalupe Y Calvo,MX,2022-03-08 20:44:14,26.1,-106.9667,59.36,10,2,13.33
350,Udachnyy,RU,2022-03-08 20:44:14,66.4167,112.4,-20.69,100,100,4.0
351,Ocos,GT,2022-03-08 20:44:15,14.5094,-92.1933,93.7,59,0,12.3
352,Beira,MZ,2022-03-08 20:44:16,-19.8436,34.8389,82.49,69,20,12.66
353,Tezu,IN,2022-03-08 20:41:16,27.9167,96.1667,69.13,27,47,4.23
354,Dongzhen,CN,2022-03-08 20:44:16,22.3797,110.9389,58.35,77,3,2.04
355,San Patricio,US,2022-03-08 20:44:17,28.017,-97.5169,52.18,81,100,9.82
356,Faanui,PF,2022-03-08 20:44:17,-16.4833,-151.75,81.46,73,77,12.71
357,Lishan,CN,2022-03-08 20:44:18,31.8576,113.2951,51.89,71,0,2.55
358,Calca,PE,2022-03-08 20:44:18,-13.3333,-71.95,63.75,67,98,5.68
359,Barda,AZ,2022-03-08 20:44:19,40.3744,47.1267,50.0,44,4,16.82
360,Haines Junction,CA,2022-03-08 20:44:19,60.7522,-137.5108,10.35,56,82,2.3
361,Coquimbo,CL,2022-03-08 20:43:39,-29.9533,-71.3436,65.93,72,0,16.11
362,Swift Current,CA,2022-03-08 20:44:20,50.2834,-107.8014,9.41,78,40,18.41
363,Zhifang,CN,2022-03-08 20:44:21,30.35,114.3167,55.38,72,0,7.18
364,Jamsa,FI,2022-03-08 20:44:21,61.8642,25.19,28.15,97,99,3.49
365,Alice Springs,AU,2022-03-08 20:44:22,-23.7,133.8833,58.55,67,0,5.75
366,Sibolga,ID,2022-03-08 20:45:23,1.7427,98.7792,76.26,87,100,3.04
367,Aleksandrov Gay,RU,2022-03-08 20:45:23,50.147,48.5704,21.79,93,100,4.68
368,Roald,NO,2022-03-08 20:45:24,62.5833,6.1333,39.34,45,0,6.91
369,Geraldton,AU,2022-03-08 20:45:25,-28.7667,114.6,79.21,31,14,12.66
370,Seoul,KR,2022-03-08 20:41:33,37.5683,126.9778,38.64,93,75,3.44
371,Sorong,ID,2022-03-08 20:45:26,-0.8833,131.25,76.86,87,100,4.99
372,Fare,PF,2022-03-08 20:45:26,-16.7,-151.0167,81.39,72,35,12.46
373,Staroye Drozhzhanoye,RU,2022-03-08 20:45:27,54.7266,47.5677,10.26,95,100,8.75
374,Kaeo,NZ,2022-03-08 20:45:28,-35.1,173.7833,66.33,96,99,9.62
375,Touros,BR,2022-03-08 20:45:28,-5.1989,-35.4608,85.1,71,19,12.66
376,Sinazongwe,ZM,2022-03-08 20:45:29,-17.2614,27.4618,76.86,76,14,1.9
377,Tadotsu,JP,2022-03-08 20:45:29,34.275,133.75,37.98,62,9,2.89
378,La Florida,CO,2022-03-08 20:45:30,1.2985,-77.4061,69.21,68,40,9.22
379,Seminole,US,2022-03-08 20:45:31,28.7086,-81.2081,90.25,69,40,4.61
380,Eureka,US,2022-03-08 20:45:31,40.8021,-124.1637,58.57,69,24,7.0
381,Vila Franca Do Campo,PT,2022-03-08 20:45:32,37.7167,-25.4333,62.2,92,100,23.91
382,Mogadouro,PT,2022-03-08 20:45:32,41.3403,-6.7119,42.78,94,43,3.87
383,Shumikha,RU,2022-03-08 20:45:33,55.2261,63.2961,-3.98,99,100,3.74
384,Chililabombwe,ZM,2022-03-08 20:45:34,-12.3648,27.8229,64.27,97,100,4.43
385,Novopetrovskoye,RU,2022-03-08 20:45:34,55.9928,36.4719,20.41,97,96,6.11
386,Lugo,ES,2022-03-08 20:45:35,43.0,-7.5,45.23,95,61,1.99
387,Kintinku,TZ,2022-03-08 20:45:36,-5.8833,35.2333,76.57,87,100,1.57
388,Asfi,MA,2022-03-08 20:45:36,32.2994,-9.2372,56.62,84,0,14.67
389,Taltal,CL,2022-03-08 20:45:36,-25.4,-70.4833,70.41,75,23,6.6
390,Kandrian,PG,2022-03-08 20:45:37,-6.2167,149.55,78.39,85,99,2.82
391,Kendari,ID,2022-03-08 20:45:37,-3.945,122.4989,74.64,93,100,2.75
392,Pangnirtung,CA,2022-03-08 20:45:38,66.1451,-65.7125,-0.4,78,100,8.05
393,Zemio,CF,2022-03-08 20:45:38,5.0314,25.1361,79.5,48,30,2.17
394,Kaitangata,NZ,2022-03-08 20:45:39,-46.2817,169.8464,54.75,91,100,3.87
395,Staraya Russa,RU,2022-03-08 20:45:40,57.9944,31.3608,10.76,94,22,3.71
396,Tual,ID,2022-03-08 20:45:40,-5.6667,132.75,82.9,74,92,3.47
397,Atambua,ID,2022-03-08 20:45:41,-9.1061,124.8925,72.86,89,100,3.29
398,Kupang,ID,2022-03-08 20:43:57,-10.1667,123.5833,76.8,90,100,7.9
399,Meulaboh,ID,2022-03-08 20:45:41,4.1363,96.1285,75.97,87,99,1.32
400,Kashi,CN,2022-03-08 20:45:42,39.4547,75.9797,51.22,27,20,11.18
401,Ust-Kulom,RU,2022-03-08 20:45:42,61.6864,53.6902,-14.93,100,48,2.15
402,Rengo,CL,2022-03-08 20:44:21,-34.4167,-70.8667,80.92,21,0,8.3
403,Nuuk,GL,2022-03-08 20:45:43,64.1835,-51.7216,18.21,67,20,12.66
404,Christchurch,NZ,2022-03-08 20:42:17,-43.5333,172.6333,70.41,79,83,4.61
405,Urengoy,RU,2022-03-08 20:45:44,65.9667,78.3667,-23.58,96,31,12.35
406,Oakdale,US,2022-03-08 20:42:34,44.963,-92.9649,37.76,63,100,12.66
407,Sao Gabriel,BR,2022-03-08 20:45:45,-30.3364,-54.32,83.91,47,57,6.06
408,El Cobre,CU,2022-03-08 20:45:45,20.0489,-75.9469,80.04,74,40,17.27
409,Dubbo,AU,2022-03-08 20:45:46,-32.25,148.6167,62.73,82,100,6.91
410,Tiznit,MA,2022-03-08 20:45:46,29.5833,-9.5,55.2,58,76,1.59
411,Korla,CN,2022-03-08 20:46:47,41.7597,86.1469,47.97,31,85,15.82
412,Grindavik,IS,2022-03-08 20:46:47,63.8424,-22.4338,41.47,81,75,23.02
413,Jawhar,SO,2022-03-08 20:46:48,2.7809,45.5005,76.68,82,13,13.31
414,Luan,CH,2022-03-08 20:46:48,46.3592,6.9759,30.38,82,81,3.98
415,Madang,PG,2022-03-08 20:46:49,-5.2246,145.7966,75.72,92,100,4.68
416,Lac Du Bonnet,CA,2022-03-08 20:46:50,50.2536,-96.0612,18.09,92,100,18.45
417,Faya,SA,2022-03-08 20:46:50,18.3851,42.4509,62.71,59,9,1.79
418,Tiarei,PF,2022-03-08 20:46:51,-17.5333,-149.3333,82.42,74,81,12.06
419,Buraydah,SA,2022-03-08 20:46:51,26.326,43.975,72.05,24,97,11.65
420,Vanimo,PG,2022-03-08 20:42:32,-2.6741,141.3028,75.69,88,100,2.91
421,Humberto De Campos,BR,2022-03-08 20:46:52,-2.5983,-43.4611,78.35,85,41,6.55
422,Tigil,RU,2022-03-08 20:46:53,57.8,158.6667,32.02,77,100,9.62
423,Sao Felix Do Xingu,BR,2022-03-08 20:46:53,-6.6447,-51.995,74.07,98,100,1.19
424,Salamiyah,SY,2022-03-08 20:46:54,35.0113,37.0532,53.51,71,100,4.59
425,Port Augusta,AU,2022-03-08 20:46:54,-32.5,137.7667,59.14,64,0,11.72
426,Berdigestyakh,RU,2022-03-08 20:46:55,62.0989,126.6992,-18.78,100,100,1.59
427,Kyshtovka,RU,2022-03-08 20:46:55,56.555,76.6271,-6.25,98,95,7.0
428,Stornoway,GB,2022-03-08 20:46:56,58.2093,-6.3865,45.03,86,40,31.07
429,Denpasar,ID,2022-03-08 20:46:47,-8.65,115.2167,80.26,88,40,8.05
430,Husavik,IS,2022-03-08 20:46:57,66.0449,-17.3389,33.71,77,51,16.75
431,Alta Floresta,BR,2022-03-08 20:46:57,-9.8756,-56.0861,75.02,100,40,5.75
432,Duluth,US,2022-03-08 20:42:13,46.7833,-92.1066,37.04,62,100,18.41
433,Policoro,IT,2022-03-08 20:46:59,40.2115,16.6726,42.91,55,54,1.99
434,Takoradi,GH,2022-03-08 20:46:59,4.8845,-1.7554,80.64,85,25,7.05
435,Nyurba,RU,2022-03-08 20:47:00,63.2842,118.3319,-22.72,100,100,2.91
436,Dzilam Gonzalez,MX,2022-03-08 20:47:00,21.2833,-88.9333,93.36,39,61,8.21
437,Nivala,FI,2022-03-08 20:47:01,63.9167,24.9667,16.84,98,100,2.19
438,Slonim,BY,2022-03-08 20:47:01,53.0867,25.3219,26.94,58,99,4.03
439,Balabac,PH,2022-03-08 20:47:02,7.9868,117.0645,79.12,84,96,9.04
440,Jiaocheng,CN,2022-03-08 20:47:02,24.6774,116.1389,51.37,81,0,1.41
441,Kyabe,TD,2022-03-08 20:47:03,9.4515,18.9449,92.08,15,100,1.21
442,Moree,AU,2022-03-08 20:47:03,-29.4667,149.85,68.02,94,100,6.91
443,Wanning,CN,2022-03-08 20:47:04,18.8003,110.3967,63.1,76,13,5.53
444,Addis Abeba,ET,2022-03-08 20:45:13,9.025,38.7469,60.75,40,62,5.84
445,Port Lincoln,AU,2022-03-08 20:47:05,-34.7333,135.8667,59.81,68,11,17.83
446,Mitsamiouli,KM,2022-03-08 20:43:54,-11.3847,43.2844,81.99,78,92,7.11
447,Baykit,RU,2022-03-08 20:47:06,61.67,96.37,15.66,95,100,8.12
448,Dunedin,NZ,2022-03-08 20:47:06,-45.8742,170.5036,58.8,78,99,1.01
449,Yermakovskoye,RU,2022-03-08 20:47:07,53.2831,92.4003,16.38,71,80,15.46
450,Adrar,MR,2022-03-08 20:47:07,20.5022,-10.0711,69.4,14,35,8.95
451,Skjervoy,NO,2022-03-08 20:47:08,70.0311,20.9714,28.4,62,100,10.49
452,Porlamar,VE,2022-03-08 20:47:08,10.958,-63.8491,80.69,83,100,12.66
453,Zlitan,LY,2022-03-08 20:47:09,32.4674,14.5687,55.56,63,6,15.99
454,Heyang,CN,2022-03-08 20:47:09,26.1011,107.473,50.88,78,2,2.44
455,Zhigansk,RU,2022-03-08 20:47:10,66.7697,123.3711,-19.93,98,29,10.38
456,Youkounkoun,GN,2022-03-08 20:47:10,12.5333,-13.1333,87.37,14,68,5.82
457,Natal,BR,2022-03-08 20:43:30,-5.795,-35.2094,84.85,70,20,16.11
458,Lakatoro,VU,2022-03-08 20:48:11,-16.0999,167.4164,82.96,78,18,5.3
459,Kozhva,RU,2022-03-08 20:48:12,65.1073,57.0459,-6.21,99,95,4.63
460,Markala,ML,2022-03-08 20:48:12,13.7021,-6.0659,80.38,10,64,9.42
461,Sistranda,NO,2022-03-08 20:48:13,63.7256,8.834,39.16,68,100,12.66
462,Baymak,RU,2022-03-08 20:48:14,52.5933,58.3225,11.66,97,100,2.46
463,Sechura,PE,2022-03-08 20:48:14,-5.5569,-80.8222,83.14,59,27,17.63
464,Port Shepstone,ZA,2022-03-08 20:48:15,-30.7414,30.455,72.3,91,100,8.16
465,Batelov,CZ,2022-03-08 20:48:15,49.3143,15.3947,32.63,75,27,3.87
466,Omsukchan,RU,2022-03-08 20:48:16,62.5333,155.8,-2.74,96,100,2.89
467,Linguere,SN,2022-03-08 20:48:16,15.3953,-15.1193,79.95,10,30,10.04
468,Dubrovka,RU,2022-03-08 20:48:17,53.6907,33.5071,24.78,96,93,7.85
469,Ketchikan,US,2022-03-08 20:48:18,55.3422,-131.6461,45.07,36,0,9.22
470,Chabahar,IR,2022-03-08 20:48:19,25.2919,60.643,73.49,83,23,7.05
471,Kita,ML,2022-03-08 20:48:19,13.0349,-9.4895,83.7,18,9,5.95
472,Bayan,CN,2022-03-08 20:48:20,46.0833,127.4,8.64,98,53,0.11
473,Treuchtlingen,DE,2022-03-08 20:48:21,48.95,10.9167,33.35,66,17,4.09
474,Novyy Urengoy,RU,2022-03-08 20:48:21,66.0833,76.6333,-23.33,96,19,13.09
475,Ratnagiri,IN,2022-03-08 20:44:55,16.9833,73.3,77.0,73,9,3.04
476,Parauna,BR,2022-03-08 20:48:22,-16.9478,-50.4486,78.64,71,90,6.17
477,Valdivia,CL,2022-03-08 20:48:22,-39.8142,-73.2459,59.09,70,99,7.74
478,Satun,TH,2022-03-08 20:48:23,6.8333,100.0,78.51,95,100,2.64
479,Kiunga,PG,2022-03-08 20:48:23,-6.1219,141.2906,71.92,100,100,1.36
480,Puerto Penasco,MX,2022-03-08 20:48:24,31.3167,-113.5333,66.9,19,0,8.99
481,Teya,RU,2022-03-08 20:48:25,60.3778,92.6267,-0.74,90,100,9.33
482,Nizwa,OM,2022-03-08 20:48:25,22.9333,57.5333,71.4,45,3,2.95
483,Bilma,NE,2022-03-08 20:48:26,18.6853,12.9164,79.74,7,0,9.84
484,Olinda,BR,2022-03-08 20:48:26,-8.0089,-34.8553,83.93,65,40,8.05
485,Nagapattinam,IN,2022-03-08 20:48:27,10.7667,79.8333,76.82,77,13,7.14
486,La Crosse,US,2022-03-08 20:48:25,43.8014,-91.2396,44.53,46,0,18.41
487,Kuusamo,FI,2022-03-08 20:48:28,65.9667,29.1833,10.44,92,100,2.3
488,Umrala,IN,2022-03-08 20:48:28,21.8333,71.8167,80.65,30,1,4.03
489,Palmerston,AU,2022-03-08 20:48:28,-12.486,130.9833,76.98,79,0,6.91
490,Khani,GE,2022-03-08 20:48:29,41.9563,42.9566,33.37,98,100,1.97
491,Egvekinot,RU,2022-03-08 20:48:29,66.3167,-179.1667,17.26,81,3,9.93
492,Fort Nelson,CA,2022-03-08 20:48:30,58.8053,-122.7002,17.19,73,75,2.3
493,Gustrow,DE,2022-03-08 20:48:30,53.7972,12.1734,36.99,64,20,1.14
494,Birin,NP,2022-03-08 20:48:31,26.8865,88.0718,56.48,35,35,5.75
495,Mason City,US,2022-03-08 20:48:32,43.1536,-93.201,43.32,52,0,17.27
496,Winnemucca,US,2022-03-08 20:48:33,40.973,-117.7357,46.45,42,40,10.36
497,Charters Towers,AU,2022-03-08 20:48:33,-20.1,146.2667,77.65,71,4,9.19
498,Ous,RU,2022-03-08 20:48:34,60.9058,61.5186,-8.7,100,100,2.28
499,Kodoli,IN,2022-03-08 20:48:34,16.8833,74.2,73.85,61,51,4.23
500,Norman Wells,CA,2022-03-08 20:48:35,65.282,-126.8329,8.64,56,75,2.3
501,Ardakan,IR,2022-03-08 20:48:36,32.31,54.0175,57.58,29,47,4.9
502,Sault Sainte Marie,CA,2022-03-08 20:48:37,46.5168,-84.3333,35.42,47,0,21.85
503,Beloyarsk,RU,2022-03-08 20:49:37,53.4461,83.9048,8.11,90,19,9.33
504,Tornio,FI,2022-03-08 20:49:38,65.8481,24.1466,21.22,99,85,1.16
505,Biarritz,FR,2022-03-08 20:49:38,43.4801,-1.5556,49.66,71,20,3.44
506,Pak Chong,TH,2022-03-08 20:49:39,14.708,101.4161,78.69,76,24,2.13
507,Kharp,RU,2022-03-08 20:49:40,66.8014,65.8081,-24.39,91,31,8.75
508,San Juan,AR,2022-03-08 20:49:40,-31.5375,-68.5364,91.27,27,0,9.19
509,San Antonio,US,2022-03-08 20:47:38,29.4241,-98.4936,62.58,49,20,10.36
510,Tessalit,ML,2022-03-08 20:49:41,20.1986,1.0114,68.83,11,55,8.01
511,Nazare,BR,2022-03-08 20:49:42,-13.035,-39.0144,77.5,82,1,5.41
512,Beringovskiy,RU,2022-03-08 20:49:42,63.05,179.3167,19.11,98,90,8.55
513,Saravena,CO,2022-03-08 20:49:43,6.9538,-71.8752,93.09,34,87,0.58
514,Lodja,CD,2022-03-08 20:49:43,-3.4833,23.4333,71.2,98,100,3.29
515,Papillion,US,2022-03-08 20:48:47,41.1544,-96.0422,52.43,38,0,12.66
516,Jacareacanga,BR,2022-03-08 20:49:44,-6.2222,-57.7528,77.2,96,92,1.28
517,Maceio,BR,2022-03-08 20:49:45,-9.6658,-35.7353,83.64,65,40,10.36
518,Izhmorskiy,RU,2022-03-08 20:49:46,56.194,86.6414,3.15,89,100,15.41
519,Kongoussi,BF,2022-03-08 20:49:46,13.3258,-1.5347,81.99,8,17,9.64
520,Anadyr,RU,2022-03-08 20:49:47,64.75,177.4833,21.7,93,20,8.95
521,Rivne,UA,2022-03-08 20:49:47,50.6231,26.2274,25.84,62,40,7.27
522,Chiredzi,ZW,2022-03-08 20:49:48,-21.05,31.6667,73.58,62,12,4.18
523,Mount Isa,AU,2022-03-08 20:49:48,-20.7333,139.5,80.37,39,0,14.97
524,Jalu,LY,2022-03-08 20:49:49,29.0331,21.5482,56.97,81,0,12.93
525,Rawson,AR,2022-03-08 20:49:50,-43.3002,-65.1023,78.66,29,50,39.35
526,Naze,JP,2022-03-08 20:49:50,28.3667,129.4833,53.1,63,10,5.01
527,De Panne,BE,2022-03-08 20:49:50,51.0792,2.5917,44.01,68,1,6.91
528,Watsa,CD,2022-03-08 20:49:51,3.0372,29.5355,72.39,48,82,1.66
529,Waddan,LY,2022-03-08 20:49:52,29.1614,16.139,56.25,65,27,12.77
530,Dunmore East,IE,2022-03-08 20:49:52,52.1514,-6.9861,48.69,73,40,17.27
531,Kitgum,UG,2022-03-08 20:49:53,3.2783,32.8867,78.44,33,17,3.49
